AISC_Manual_Label,Label,Designation_IS,Type,NB_mm,NB_Label,A,Ix,Iy,J,Zx,Zy,Sx,Sy,rx,ry,d,tw,bf,tf,Cw,rts,ho,Mass_kg_m,A_si_mm2,Izz_si_mm4,Iyy_si_mm4,Source,Table,units
CHS21.3X2,CHS21.3X2,CHS 21.3 × 2,CHS,,,0.1876,0.0137,0.0137,0.0274,0.0456,0.0456,0.033,0.033,0.2717,0.2717,0.8386,0.07874,0.8386,0.07874,0.0,,,0.952,121.0,5700.0,5700.0,IS_1161_2014,1,inch_converted_from_IS1161_SI
CHS21.3X2.6,CHS21.3X2.6,NB 15 × 21.3 × 2.6,CHS,15,NB15X2.6,0.2372,0.0163,0.0163,0.0327,0.0558,0.0558,0.0391,0.0391,0.2638,0.2638,0.8386,0.10236,0.8386,0.10236,0.0,,,1.2,153.0,6800.0,6800.0,IS_1161_2014,1,inch_converted_from_IS1161_SI
CHS21.3X3.2,CHS21.3X3.2,NB 15 × 21.3 × 3.2,CHS,15,NB15X3.2,0.2821,0.0185,0.0185,0.037,0.0646,0.0646,0.0439,0.0439,0.2559,0.2559,0.8386,0.12598,0.8386,0.12598,0.0,,,1.43,182.0,7700.0,7700.0,IS_1161_2014,1,inch_converted_from_IS1161_SI
CHS26.9X2.3,CHS26.9X2.3,NB 15 × 26.9 × 2.3,CHS,15,NB15X2.3,0.2759,0.0327,0.0327,0.0653,0.0852,0.0852,0.0616,0.0616,0.3425,0.3425,1.0591,0.09055,1.0591,0.09055,0.0,,,1.4,178.0,13600.0,13600.0,IS_1161_2014,1,inch_converted_from_IS1161_SI
CHS26.9X2.6,CHS26.9X2.6,NB 20 × 26.9 × 2.6,CHS,20,NB20X2.6,0.3069,0.0356,0.0356,0.0711,0.094,0.094,0.0671,0.0671,0.3386,0.3386,1.0591,0.10236,1.0591,0.10236,0.0,,,1.56,198.0,14800.0,14800.0,IS_1161_2014,1,inch_converted_from_IS1161_SI
CHS26.9X3.2,CHS26.9X3.2,NB 20 × 26.9 × 3.2,CHS,20,NB20X3.2,0.3689,0.0408,0.0408,0.0817,0.1104,0.1104,0.0775,0.0775,0.3346,0.3346,1.0591,0.12598,1.0591,0.12598,0.0,,,1.87,238.0,17000.0,17000.0,IS_1161_2014,1,inch_converted_from_IS1161_SI
CHS33.7X2.6,CHS33.7X2.6,NB 20 × 33.7 × 2.6,CHS,20,NB20X2.6,0.3937,0.0742,0.0742,0.1485,0.1538,0.1538,0.1123,0.1123,0.4331,0.4331,1.3268,0.10236,1.3268,0.10236,0.0,,,1.99,254.0,30900.0,30900.0,IS_1161_2014,1,inch_converted_from_IS1161_SI
CHS33.7X3.2,CHS33.7X3.2,NB 25 × 33.7 × 3.2,CHS,25,NB25X3.2,0.4759,0.0865,0.0865,0.173,0.1823,0.1823,0.1306,0.1306,0.4252,0.4252,1.3268,0.12598,1.3268,0.12598,0.0,,,2.41,307.0,36000.0,36000.0,IS_1161_2014,1,inch_converted_from_IS1161_SI
CHS33.7X4,CHS33.7X4,NB 25 × 33.7 × 4,CHS,25,NB25X4,0.5782,0.1007,0.1007,0.2013,0.2166,0.2166,0.1519,0.1519,0.4173,0.4173,1.3268,0.15748,1.3268,0.15748,0.0,,,2.93,373.0,41900.0,41900.0,IS_1161_2014,1,inch_converted_from_IS1161_SI
CHS42.4X2.6,CHS42.4X2.6,NB 25 × 42.4 × 2.6,CHS,25,NB25X2.6,0.5038,0.1552,0.1552,0.3104,0.2517,0.2517,0.1861,0.1861,0.5551,0.5551,1.6693,0.10236,1.6693,0.10236,0.0,,,2.55,325.0,64600.0,64600.0,IS_1161_2014,1,inch_converted_from_IS1161_SI
CHS42.4X3.2,CHS42.4X3.2,NB 32 × 42.4 × 3.2,CHS,32,NB32X3.2,0.6107,0.1831,0.1831,0.3661,0.3007,0.3007,0.2191,0.2191,0.5472,0.5472,1.6693,0.12598,1.6693,0.12598,0.0,,,3.09,394.0,76200.0,76200.0,IS_1161_2014,1,inch_converted_from_IS1161_SI
CHS42.4X4,CHS42.4X4,NB 32 × 42.4 × 4,CHS,32,NB32X4,0.7487,0.216,0.216,0.432,0.3612,0.3612,0.2587,0.2587,0.5354,0.5354,1.6693,0.15748,1.6693,0.15748,0.0,,,3.79,483.0,89900.0,89900.0,IS_1161_2014,1,inch_converted_from_IS1161_SI
CHS48.3X2.9,CHS48.3X2.9,NB 32 × 48.3 × 2.9,CHS,32,NB32X2.9,0.6417,0.2571,0.2571,0.5141,0.3653,0.3653,0.2703,0.2703,0.6339,0.6339,1.9016,0.11417,1.9016,0.11417,0.0,,,3.25,414.0,107000.0,107000.0,IS_1161_2014,1,inch_converted_from_IS1161_SI
CHS48.3X3.2,CHS48.3X3.2,NB 40 × 48.3 × 3.2,CHS,40,NB40X3.2,0.7022,0.2785,0.2785,0.5569,0.3979,0.3979,0.2929,0.2929,0.6299,0.6299,1.9016,0.12598,1.9016,0.12598,0.0,,,3.56,453.0,115900.0,115900.0,IS_1161_2014,1,inch_converted_from_IS1161_SI
CHS48.3X4,CHS48.3X4,NB 40 × 48.3 × 4,CHS,40,NB40X4,0.8634,0.3308,0.3308,0.6617,0.4803,0.4803,0.3478,0.3478,0.6181,0.6181,1.9016,0.15748,1.9016,0.15748,0.0,,,4.37,557.0,137700.0,137700.0,IS_1161_2014,1,inch_converted_from_IS1161_SI
CHS60.3X2.9,CHS60.3X2.9,NB 40 × 60.3 × 2.9,CHS,40,NB40X2.9,0.8107,0.5187,0.5187,1.0374,0.5836,0.5836,0.4369,0.4369,0.7992,0.7992,2.374,0.11417,2.374,0.11417,0.0,,,4.11,523.0,215900.0,215900.0,IS_1161_2014,1,inch_converted_from_IS1161_SI
CHS60.3X3.6,CHS60.3X3.6,NB 50 × 60.3 × 3.6,CHS,50,NB50X3.6,0.9936,0.6215,0.6215,1.2431,0.7072,0.7072,0.5236,0.5236,0.7913,0.7913,2.374,0.14173,2.374,0.14173,0.0,,,5.03,641.0,258700.0,258700.0,IS_1161_2014,1,inch_converted_from_IS1161_SI
CHS60.3X4.5,CHS60.3X4.5,NB 50 × 60.3 × 4.5,CHS,50,NB50X4.5,1.223,0.7424,0.7424,1.4848,0.8569,0.8569,0.6255,0.6255,0.7795,0.7795,2.374,0.17717,2.374,0.17717,0.0,,,6.19,789.0,309000.0,309000.0,IS_1161_2014,1,inch_converted_from_IS1161_SI
CHS76.1X2.9,CHS76.1X2.9,NB 50 × 76.1 × 2.9,CHS,50,NB50X2.9,1.0339,1.0749,1.0749,2.1498,0.9487,0.9487,0.7176,0.7176,1.0197,1.0197,2.9961,0.11417,2.9961,0.11417,0.0,,,5.24,667.0,447400.0,447400.0,IS_1161_2014,1,inch_converted_from_IS1161_SI
CHS76.1X3.6,CHS76.1X3.6,NB 65 × 76.1 × 3.6,CHS,65,NB65X3.6,1.271,1.2976,1.2976,2.5952,1.1557,1.1557,0.8659,0.8659,1.0118,1.0118,2.9961,0.14173,2.9961,0.14173,0.0,,,6.44,820.0,540100.0,540100.0,IS_1161_2014,1,inch_converted_from_IS1161_SI
CHS76.1X4.5,CHS76.1X4.5,NB 65 × 76.1 × 4.5,CHS,65,NB65X4.5,1.5686,1.5645,1.5645,3.129,1.4096,1.4096,1.0441,1.0441,1.0,1.0,2.9961,0.17717,2.9961,0.17717,0.0,,,7.95,1012.0,651200.0,651200.0,IS_1161_2014,1,inch_converted_from_IS1161_SI
CHS88.9X3.2,CHS88.9X3.2,NB 65 × 88.9 × 3.2,CHS,65,NB65X3.2,1.3361,1.903,1.903,3.8061,1.4349,1.4349,1.0874,1.0874,1.1929,1.1929,3.5,0.12598,3.5,0.12598,0.0,,,6.76,862.0,792100.0,792100.0,IS_1161_2014,1,inch_converted_from_IS1161_SI
CHS88.9X4,CHS88.9X4,NB 80 × 88.9 × 4,CHS,80,NB80X4,1.6539,2.3146,2.3146,4.6292,1.7607,1.7607,1.3224,1.3224,1.1811,1.1811,3.5,0.15748,3.5,0.15748,0.0,,,8.38,1067.0,963400.0,963400.0,IS_1161_2014,1,inch_converted_from_IS1161_SI
CHS88.9X4.8,CHS88.9X4.8,NB 80 × 88.9 × 4.8,CHS,80,NB80X4.8,1.9654,2.7026,2.7026,5.4052,2.074,2.074,1.5445,1.5445,1.1732,1.1732,3.5,0.18898,3.5,0.18898,0.0,,,9.96,1268.0,1124900.0,1124900.0,IS_1161_2014,1,inch_converted_from_IS1161_SI
CHS101.6X3.6,CHS101.6X3.6,NB 80 × 101.6 × 3.6,CHS,80,NB80X3.6,1.7174,3.2011,3.2011,6.4022,2.1108,2.1108,1.6007,1.6007,1.3661,1.3661,4.0,0.14173,4.0,0.14173,0.0,,,8.7,1108.0,1332400.0,1332400.0,IS_1161_2014,1,inch_converted_from_IS1161_SI
CHS101.6X4,CHS101.6X4,NB 90 × 101.6 × 4,CHS,90,NB90X4,1.9003,3.5144,3.5144,7.0288,2.3265,2.3265,1.7575,1.7575,1.3583,1.3583,4.0,0.15748,4.0,0.15748,0.0,,,9.63,1226.0,1462800.0,1462800.0,IS_1161_2014,1,inch_converted_from_IS1161_SI
CHS101.6X4.8,CHS101.6X4.8,NB 90 × 101.6 × 4.8,CHS,90,NB90X4.8,2.263,4.1177,4.1177,8.2353,2.7469,2.7469,2.0589,2.0589,1.3504,1.3504,4.0,0.18898,4.0,0.18898,0.0,,,11.46,1460.0,1713900.0,1713900.0,IS_1161_2014,1,inch_converted_from_IS1161_SI
CHS114.3X3.6,CHS114.3X3.6,NB 90 × 114.3 × 3.6,CHS,90,NB90X3.6,1.9406,4.6123,4.6123,9.2247,2.6931,2.6931,2.0498,2.0498,1.5433,1.5433,4.5,0.14173,4.5,0.14173,0.0,,,9.83,1252.0,1919800.0,1919800.0,IS_1161_2014,1,inch_converted_from_IS1161_SI
CHS114.3X4.5,CHS114.3X4.5,NB 100 × 114.3 × 4.5,CHS,100,NB100X4.5,2.4056,5.6296,5.6296,11.2591,3.3125,3.3125,2.502,2.502,1.5315,1.5315,4.5,0.17717,4.5,0.17717,0.0,,,12.19,1552.0,2343200.0,2343200.0,IS_1161_2014,1,inch_converted_from_IS1161_SI
CHS114.3X5.4,CHS114.3X5.4,NB 100 × 114.3 × 5.4,CHS,100,NB100X5.4,2.8629,6.5958,6.5958,13.1917,3.9111,3.9111,2.9316,2.9316,1.5157,1.5157,4.5,0.2126,4.5,0.2126,0.0,,,14.5,1847.0,2745400.0,2745400.0,IS_1161_2014,1,inch_converted_from_IS1161_SI
CHS127X4.5,CHS127X4.5,NB 100 × 127 × 4.5,CHS,100,NB100X4.5,2.6846,7.815,7.815,15.6301,4.1227,4.1227,3.126,3.126,1.7062,1.7062,5.0,0.17717,5.0,0.17717,0.0,,,13.59,1732.0,3252867.13,3252867.13,IS_1161_2014,1,inch_converted_from_IS1161_SI
CHS127X4.8,CHS127X4.8,NB 110 × 127 × 4.8,CHS,110,NB110X4.8,2.8567,8.2766,8.2766,16.5531,4.3763,4.3763,3.3106,3.3106,1.7021,1.7021,5.0,0.18898,5.0,0.18898,0.0,,,14.47,1843.0,3444960.93,3444960.93,IS_1161_2014,1,inch_converted_from_IS1161_SI
CHS127X5.4,CHS127X5.4,NB 110 × 127 × 5.4,CHS,110,NB110X5.4,3.1977,9.1786,9.1786,18.3571,4.8758,4.8758,3.6714,3.6714,1.6942,1.6942,5.0,0.2126,5.0,0.2126,0.0,,,16.19,2063.0,3820410.08,3820410.08,IS_1161_2014,1,inch_converted_from_IS1161_SI
CHS139.7X4.5,CHS139.7X4.5,NB 110 × 139.7 × 4.5,CHS,110,NB110X4.5,2.9621,10.5038,10.5038,21.0077,5.0214,5.0214,3.8196,3.8196,1.8831,1.8831,5.5,0.17717,5.5,0.17717,0.0,,,15.0,1911.0,4372031.99,4372031.99,IS_1161_2014,1,inch_converted_from_IS1161_SI
CHS139.7X4.8,CHS139.7X4.8,NB 125 × 139.7 × 4.8,CHS,125,NB125X4.8,3.1527,11.1314,11.1314,22.2629,5.3327,5.3327,4.0478,4.0478,1.879,1.879,5.5,0.18898,5.5,0.18898,0.0,,,15.97,2034.0,4633257.88,4633257.88,IS_1161_2014,1,inch_converted_from_IS1161_SI
CHS139.7X5.4,CHS139.7X5.4,NB 125 × 139.7 × 5.4,CHS,125,NB125X5.4,3.5309,12.3609,12.3609,24.7217,5.9467,5.9467,4.4949,4.4949,1.871,1.871,5.5,0.2126,5.5,0.2126,0.0,,,17.89,2278.0,5144974.78,5144974.78,IS_1161_2014,1,inch_converted_from_IS1161_SI
CHS152.4X4.5,CHS152.4X4.5,NB 125 × 152.4 × 4.5,CHS,125,NB125X4.5,3.2411,13.7481,13.7481,27.4962,6.0087,6.0087,4.5829,4.5829,2.0591,2.0591,6.0,0.17717,6.0,0.17717,0.0,,,16.41,2091.0,5722400.0,5722400.0,IS_1161_2014,1,inch_converted_from_IS1161_SI
CHS152.4X4.8,CHS152.4X4.8,NB 135 × 152.4 × 4.8,CHS,135,NB135X4.8,3.4503,14.5775,14.5775,29.1549,6.3836,6.3836,4.8593,4.8593,2.0551,2.0551,6.0,0.18898,6.0,0.18898,0.0,,,17.47,2226.0,6067600.0,6067600.0,IS_1161_2014,1,inch_converted_from_IS1161_SI
CHS152.4X5.4,CHS152.4X5.4,NB 135 × 152.4 × 5.4,CHS,135,NB135X5.4,3.8657,16.2052,16.2052,32.4103,7.124,7.124,5.4018,5.4018,2.0472,2.0472,6.0,0.2126,6.0,0.2126,0.0,,,19.58,2494.0,6745100.0,6745100.0,IS_1161_2014,1,inch_converted_from_IS1161_SI
CHS165.1X4.5,CHS165.1X4.5,NB 135 × 165.1 × 4.5,CHS,135,NB135X4.5,3.5185,17.6001,17.6001,35.2001,7.0846,7.0846,5.4152,5.4152,2.2362,2.2362,6.5,0.17717,6.5,0.17717,0.0,,,17.82,2270.0,7325700.0,7325700.0,IS_1161_2014,1,inch_converted_from_IS1161_SI
CHS165.1X4.8,CHS165.1X4.8,NB 135 × 165.1 × 4.8,CHS,135,NB135X4.8,3.7464,18.6706,18.6706,37.3412,7.529,7.529,5.7448,5.7448,2.2323,2.2323,6.5,0.18898,6.5,0.18898,0.0,,,18.98,2417.0,7771300.0,7771300.0,IS_1161_2014,1,inch_converted_from_IS1161_SI
CHS165.1X5.4,CHS165.1X5.4,NB 150 × 165.1 × 5.4,CHS,150,NB150X5.4,4.199,20.7745,20.7745,41.549,8.4075,8.4075,6.3922,6.3922,2.2244,2.2244,6.5,0.2126,6.5,0.2126,0.0,,,21.27,2709.0,8647000.0,8647000.0,IS_1161_2014,1,inch_converted_from_IS1161_SI
CHS165.1X5.9,CHS165.1X5.9,NB 150 × 165.1 × 5.9,CHS,150,NB150X5.9,4.5725,23.3043,23.3043,46.6087,9.1293,9.1293,6.9201,6.9201,2.2165,2.2165,6.5,0.23228,6.5,0.23228,0.0,,,23.2,2950.0,9700000.0,9700000.0,IS_1161_2014,1,inch_converted_from_IS1161_SI
CHS165.1X6.3,CHS165.1X6.3,NB 150 × 165.1 × 6.3,CHS,150,NB150X6.3,4.8717,23.8396,23.8396,47.6792,9.6999,9.6999,7.3351,7.3351,2.2126,2.2126,6.5,0.24803,6.5,0.24803,0.0,,,24.67,3143.0,9922800.0,9922800.0,IS_1161_2014,1,inch_converted_from_IS1161_SI
CHS165.1X8,CHS165.1X8,NB 150 × 165.1 × 8,CHS,150,NB150X8,6.1194,29.3406,29.3406,58.6811,12.0591,12.0591,9.0279,9.0279,2.1897,2.1897,6.5,0.31496,6.5,0.31496,0.0,,,30.99,3948.0,12212460.18,12212460.18,IS_1161_2014,1,inch_converted_from_IS1161_SI
CHS168.3X4.5,CHS168.3X4.5,NB 150 × 168.3 × 4.5,CHS,150,NB150X4.5,3.5898,18.6728,18.6728,37.3456,7.3697,7.3697,5.6362,5.6362,2.2795,2.2795,6.626,0.17717,6.626,0.17717,0.0,,,18.18,2316.0,7772200.0,7772200.0,IS_1161_2014,1,inch_converted_from_IS1161_SI
CHS168.3X4.8,CHS168.3X4.8,NB 150 × 168.3 × 4.8,CHS,150,NB150X4.8,3.8223,19.8104,19.8104,39.6207,7.8325,7.8325,5.9797,5.9797,2.2756,2.2756,6.626,0.18898,6.626,0.18898,0.0,,,19.35,2466.0,8245700.0,8245700.0,IS_1161_2014,1,inch_converted_from_IS1161_SI
CHS168.3X5.4,CHS168.3X5.4,NB 150 × 168.3 × 5.4,CHS,150,NB150X5.4,4.2842,22.0476,22.0476,44.0952,8.7477,8.7477,6.6546,6.6546,2.2677,2.2677,6.626,0.2126,6.626,0.2126,0.0,,,21.69,2764.0,9176900.0,9176900.0,IS_1161_2014,1,inch_converted_from_IS1161_SI
CHS168.3X6.3,CHS168.3X6.3,NB 150 × 168.3 × 6.3,CHS,150,NB150X6.3,4.9693,25.3085,25.3085,50.6171,10.0946,10.0946,7.6392,7.6392,2.2568,2.2568,6.626,0.24803,6.626,0.24803,0.0,,,25.17,3206.0,10534205.49,10534205.49,IS_1161_2014,1,inch_converted_from_IS1161_SI
CHS168.3X8,CHS168.3X8,NB 150 × 168.3 × 8,CHS,150,NB150X8,6.245,31.1671,31.1671,62.3341,12.555,12.555,9.4075,9.4075,2.234,2.234,6.626,0.31496,6.626,0.31496,0.0,,,31.63,4029.0,12972711.83,12972711.83,IS_1161_2014,1,inch_converted_from_IS1161_SI
CHS168.3X10,CHS168.3X10,NB 150 × 168.3 × 10,CHS,150,NB150X10,7.7082,37.5749,37.5749,75.1497,15.3122,15.3122,11.3417,11.3417,2.2079,2.2079,6.626,0.3937,6.626,0.3937,0.0,,,39.04,4973.0,15639838.96,15639838.96,IS_1161_2014,1,inch_converted_from_IS1161_SI
CHS193.7X4.8,CHS193.7X4.8,NB 150 × 193.7 × 4.8,CHS,150,NB150X4.8,4.416,30.5453,30.5453,61.0905,10.4544,10.4544,8.0106,8.0106,2.6299,2.6299,7.626,0.18898,7.626,0.18898,0.0,,,22.36,2849.0,12713900.0,12713900.0,IS_1161_2014,1,inch_converted_from_IS1161_SI
CHS193.7X5.4,CHS193.7X5.4,NB 150 × 193.7 × 5.4,CHS,150,NB150X5.4,4.9507,34.0428,34.0428,68.0857,11.6872,11.6872,8.9284,8.9284,2.622,2.622,7.626,0.2126,7.626,0.2126,0.0,,,25.08,3194.0,14169700.0,14169700.0,IS_1161_2014,1,inch_converted_from_IS1161_SI
CHS193.7X5.9,CHS193.7X5.9,NB 150 × 193.7 × 5.9,CHS,150,NB150X5.9,5.3956,36.9057,36.9057,73.8113,12.7024,12.7024,9.679,9.679,2.6142,2.6142,7.626,0.23228,7.626,0.23228,0.0,,,27.33,3481.0,15361300.0,15361300.0,IS_1161_2014,1,inch_converted_from_IS1161_SI
CHS193.7X6.3,CHS193.7X6.3,NB 175 × 193.7 × 6.3,CHS,175,NB175X6.3,5.749,39.1621,39.1621,78.3242,13.5065,13.5065,10.2709,10.2709,2.6102,2.6102,7.626,0.24803,7.626,0.24803,0.0,,,29.12,3709.0,16300500.0,16300500.0,IS_1161_2014,1,inch_converted_from_IS1161_SI
CHS193.7X8,CHS193.7X8,NB 175 × 193.7 × 8,CHS,175,NB175X8,7.2339,48.4235,48.4235,96.8471,16.8454,16.8454,12.6997,12.6997,2.5866,2.5866,7.626,0.31496,7.626,0.31496,0.0,,,36.64,4667.0,20155400.0,20155400.0,IS_1161_2014,1,inch_converted_from_IS1161_SI
CHS193.7X10,CHS193.7X10,NB 175 × 193.7 × 10,CHS,175,NB175X10,8.9451,58.6594,58.6594,117.3189,20.6132,20.6132,15.3841,15.3841,2.5591,2.5591,7.626,0.3937,7.626,0.3937,0.0,,,45.3,5771.0,24415900.0,24415900.0,IS_1161_2014,1,inch_converted_from_IS1161_SI
CHS193.7X12,CHS193.7X12,NB 175 × 193.7 × 12,CHS,175,NB175X12,10.6175,68.2121,68.2121,136.4241,24.2115,24.2115,17.8891,17.8891,2.5354,2.5354,7.626,0.47244,7.626,0.47244,0.0,,,53.77,6850.0,28392000.0,28392000.0,IS_1161_2014,1,inch_converted_from_IS1161_SI
CHS219.1X4.8,CHS219.1X4.8,NB 175 × 219.1 × 4.8,CHS,175,NB175X4.8,5.0096,44.5913,44.5913,89.1826,13.4542,13.4542,10.3386,10.3386,2.9843,2.9843,8.626,0.18898,8.626,0.18898,0.0,,,25.37,3232.0,18560300.0,18560300.0,IS_1161_2014,1,inch_converted_from_IS1161_SI
CHS219.1X5.6,CHS219.1X5.6,NB 175 × 219.1 × 5.6,CHS,175,NB175X5.6,5.8218,51.4524,51.4524,102.9048,15.5805,15.5805,11.9295,11.9295,2.9724,2.9724,8.626,0.22047,8.626,0.22047,0.0,,,29.49,3756.0,21416100.0,21416100.0,IS_1161_2014,1,inch_converted_from_IS1161_SI
CHS219.1X5.9,CHS219.1X5.9,NB 175 × 219.1 × 5.9,CHS,175,NB175X5.9,6.1256,53.9846,53.9846,107.9693,16.3695,16.3695,12.5166,12.5166,2.9685,2.9685,8.626,0.23228,8.626,0.23228,0.0,,,31.02,3952.0,22470100.0,22470100.0,IS_1161_2014,1,inch_converted_from_IS1161_SI
CHS219.1X6.3,CHS219.1X6.3,NB 200 × 219.1 × 6.3,CHS,200,NB200X6.3,6.5286,57.3272,57.3272,114.6545,17.4144,17.4144,13.2916,13.2916,2.9646,2.9646,8.626,0.24803,8.626,0.24803,0.0,,,33.06,4212.0,23861400.0,23861400.0,IS_1161_2014,1,inch_converted_from_IS1161_SI
CHS219.1X8,CHS219.1X8,NB 200 × 219.1 × 8,CHS,200,NB200X8,8.2243,71.1054,71.1054,142.2108,21.7657,21.7657,16.4862,16.4862,2.9409,2.9409,8.626,0.31496,8.626,0.31496,0.0,,,41.65,5306.0,29596300.0,29596300.0,IS_1161_2014,1,inch_converted_from_IS1161_SI
CHS219.1X10,CHS219.1X10,NB 200 × 219.1 × 10,CHS,200,NB200X10,10.182,86.4529,86.4529,172.9057,26.7016,26.7016,20.0445,20.0445,2.9134,2.9134,8.626,0.3937,8.626,0.3937,0.0,,,51.57,6569.0,35984400.0,35984400.0,IS_1161_2014,1,inch_converted_from_IS1161_SI
CHS219.1X12,CHS219.1X12,NB 200 × 219.1 × 12,CHS,200,NB200X12,12.1009,100.9025,100.9025,201.805,31.4432,31.4432,23.3953,23.3953,2.8858,2.8858,8.626,0.47244,8.626,0.47244,0.0,,,61.29,7807.0,41998800.0,41998800.0,IS_1161_2014,1,inch_converted_from_IS1161_SI
CHS244.5X5.9,CHS244.5X5.9,NB 200 × 244.5 × 5.9,CHS,200,NB200X5.9,6.8557,75.6579,75.6579,151.3158,20.5012,20.5012,15.7197,15.7197,3.3228,3.3228,9.626,0.23228,9.626,0.23228,0.0,,,34.72,4423.0,31491200.0,31491200.0,IS_1161_2014,1,inch_converted_from_IS1161_SI
CHS244.5X6.3,CHS244.5X6.3,NB 225 × 244.5 × 6.3,CHS,225,NB225X6.3,7.3067,80.3887,80.3887,160.7774,21.8185,21.8185,16.7022,16.7022,3.315,3.315,9.626,0.24803,9.626,0.24803,0.0,,,37.01,4714.0,33460300.0,33460300.0,IS_1161_2014,1,inch_converted_from_IS1161_SI
CHS244.5X8,CHS244.5X8,NB 225 × 244.5 × 8,CHS,225,NB225X8,9.2132,99.9552,99.9552,199.9104,27.316,27.316,20.7676,20.7676,3.2953,3.2953,9.626,0.31496,9.626,0.31496,0.0,,,46.66,5944.0,41604500.0,41604500.0,IS_1161_2014,1,inch_converted_from_IS1161_SI
CHS244.5X10,CHS244.5X10,NB 225 × 244.5 × 10,CHS,225,NB225X10,11.4189,121.8829,121.8829,243.7658,33.5775,33.5775,25.3236,25.3236,3.2677,3.2677,9.626,0.3937,9.626,0.3937,0.0,,,57.83,7367.0,50731500.0,50731500.0,IS_1161_2014,1,inch_converted_from_IS1161_SI
CHS273X5.9,CHS273X5.9,NB 225 × 273 × 5.9,CHS,225,NB225X5.9,7.6741,106.1232,106.1232,212.2463,25.6903,25.6903,19.7473,19.7473,3.7205,3.7205,10.748,0.23228,10.748,0.23228,0.0,,,38.86,4951.0,44171800.0,44171800.0,IS_1161_2014,1,inch_converted_from_IS1161_SI
CHS273X6.3,CHS273X6.3,NB 225 × 273 × 6.3,CHS,225,NB225X6.3,8.1825,112.8175,112.8175,225.6351,27.3506,27.3506,20.9934,20.9934,3.7126,3.7126,10.748,0.24803,10.748,0.24803,0.0,,,41.44,5279.0,46958200.0,46958200.0,IS_1161_2014,1,inch_converted_from_IS1161_SI
CHS273X8,CHS273X8,NB 250 × 273 × 8,CHS,250,NB250X8,10.323,140.5879,140.5879,281.1758,34.2936,34.2936,26.1609,26.1609,3.689,3.689,10.748,0.31496,10.748,0.31496,0.0,,,52.28,6660.0,58517100.0,58517100.0,IS_1161_2014,1,inch_converted_from_IS1161_SI
CHS273X10,CHS273X10,NB 250 × 273 × 10,CHS,250,NB250X10,12.8061,171.8777,171.8777,343.7554,42.2299,42.2299,31.9832,31.9832,3.6654,3.6654,10.748,0.3937,10.748,0.3937,0.0,,,64.86,8262.0,71540900.0,71540900.0,IS_1161_2014,1,inch_converted_from_IS1161_SI
CHS273X12,CHS273X12,NB 250 × 273 × 12,CHS,250,NB250X12,15.2505,201.7181,201.7181,403.4361,49.9191,49.9191,37.5357,37.5357,3.6378,3.6378,10.748,0.47244,10.748,0.47244,0.0,,,77.24,9839.0,83961400.0,83961400.0,IS_1161_2014,1,inch_converted_from_IS1161_SI
CHS323.9X6.3,CHS323.9X6.3,NB 250 × 323.9 × 6.3,CHS,250,NB250X6.3,9.7433,190.4926,190.4926,380.9852,38.7844,38.7844,29.8766,29.8766,4.4213,4.4213,12.752,0.24803,12.752,0.24803,0.0,,,49.34,6286.0,79289000.0,79289000.0,IS_1161_2014,1,inch_converted_from_IS1161_SI
CHS323.9X8,CHS323.9X8,NB 250 × 323.9 × 8,CHS,250,NB250X8,12.3055,238.0906,238.0906,476.1812,48.7283,48.7283,37.3416,37.3416,4.3976,4.3976,12.752,0.31496,12.752,0.31496,0.0,,,62.32,7939.0,99100800.0,99100800.0,IS_1161_2014,1,inch_converted_from_IS1161_SI
CHS323.9X10,CHS323.9X10,NB 300 × 323.9 × 10,CHS,300,NB300X10,15.2846,292.1053,292.1053,584.2106,60.149,60.149,45.8136,45.8136,4.3701,4.3701,12.752,0.3937,12.752,0.3937,0.0,,,77.41,9861.0,121583400.0,121583400.0,IS_1161_2014,1,inch_converted_from_IS1161_SI
CHS323.9X12,CHS323.9X12,NB 300 × 323.9 × 12,CHS,300,NB300X12,18.2249,344.0288,344.0288,688.0576,71.273,71.273,53.9572,53.9572,4.3465,4.3465,12.752,0.47244,12.752,0.47244,0.0,,,92.3,11758.0,143195600.0,143195600.0,IS_1161_2014,1,inch_converted_from_IS1161_SI
CHS355.6X8,CHS355.6X8,NB 300 × 355.6 × 8,CHS,300,NB300X8,13.5408,317.1642,317.1642,634.3284,58.9963,58.9963,45.3089,45.3089,4.8386,4.8386,14.0,0.31496,14.0,0.31496,0.0,,,68.58,8736.0,132013700.0,132013700.0,IS_1161_2014,1,inch_converted_from_IS1161_SI
CHS355.6X10,CHS355.6X10,NB 350 × 355.6 × 10,CHS,350,NB350X10,16.8284,389.7711,389.7711,779.5423,72.9067,72.9067,55.6817,55.6817,4.811,4.811,14.0,0.3937,14.0,0.3937,0.0,,,85.23,10857.0,162235000.0,162235000.0,IS_1161_2014,1,inch_converted_from_IS1161_SI
CHS355.6X12,CHS355.6X12,NB 350 × 355.6 × 12,CHS,350,NB350X12,20.0772,459.8276,459.8276,919.6552,86.4894,86.4894,65.6896,65.6896,4.7874,4.7874,14.0,0.47244,14.0,0.47244,0.0,,,101.68,12953.0,191394700.0,191394700.0,IS_1161_2014,1,inch_converted_from_IS1161_SI
